model,threshold,accuracy,precision,recall,f1,pr_auc,roc_auc
LOGREG,0.50,0.5925705523639182,0.02010369998140057,0.5329584775086506,0.0387458689834948,0.020343355681666096,0.5713058516802245
RF,0.20–0.30,0.9114207898985954,0.02043115948358694,0.10116782006920415,0.03399659888664409,0.01764225272651718,0.5278264864242446
GBT,0.20–0.30,0.8617174333593447,0.018724812595268422,0.15514705882352942,0.03341655642712079,0.016943929627883922,0.5183752748842477
CNN,0.5,0.64446,0.019689940024895325,0.4355444305381727,0.03767660910518053,0.019288274729435177,0.5470533137051993
LSTM,0.6,0.6414,0.01980031646899024,0.45103668261562996,0.03793529001448731,0.019350965760122303,0.5620390943834073
TRANSFORMER,0.6,0.6718333333333333,0.0183552091878589,0.3968957871396896,0.03508771929824561,0.01880702116960728,0.548089651380671
MLP,0.5,0.652545,0.01910366419294991,0.420414673046252,0.03654664688674144,0.018551787309165242,0.5536783353386503
