{
  "logreg": {
    "metrics": {
      "accuracy": 0.5920188529980206,
      "precision": 0.020054654442877292,
      "recall": 0.5315650556012288,
      "f1": 0.03865109715945112,
      "auc": null
    },
    "confusion_matrix": [
      [
        874503,
        600291
      ],
      [
        10826,
        12285
      ]
    ],
    "train_frac": 0.01,
    "used_weight": true
  }
}