{
  "logreg": {
    "metrics": {
      "accuracy": 0.5925705523639182,
      "precision": 0.02010369998140057,
      "recall": 0.5329584775086506,
      "f1": 0.0387458689834948,
      "auc": null,
      "auc_pr": 0.020343295961461488,
      "auc_roc": 0.5713034164396467,
      "lr_coeff_top": [
        [
          "f4",
          -0.2607915899171667
        ],
        [
          "f2",
          0.22095689764129808
        ],
        [
          "f3",
          -0.15751959509324218
        ],
        [
          "f1",
          0.14524605963685888
        ],
        [
          "f0",
          -0.14270676724702974
        ],
        [
          "f17",
          -0.042482487751140614
        ],
        [
          "f6",
          0.03924281307416587
        ],
        [
          "f7",
          -0.03666371462450295
        ],
        [
          "f10",
          0.03583873232323281
        ],
        [
          "f16",
          0.03243869188793883
        ]
      ]
    },
    "confusion_matrix": [
      [
        876903,
        600600
      ],
      [
        10798,
        12322
      ]
    ]
  },
  "rf": {
    "metrics": {
      "accuracy": 0.7704939881635827,
      "precision": 0.020348628893560098,
      "recall": 0.29476643598615915,
      "f1": 0.03806922286276087,
      "auc": null,
      "auc_pr": 0.019396218117112153,
      "auc_roc": 0.5629839661951215,
      "tree_importance_top": [
        [
          "f15",
          0.13403949205913082
        ],
        [
          "f20",
          0.12320948238044657
        ],
        [
          "f0",
          0.12032266624362928
        ],
        [
          "f17",
          0.10851681886038846
        ],
        [
          "f19",
          0.10413293323388022
        ],
        [
          "f18",
          0.09966105663718361
        ],
        [
          "f16",
          0.0941463118736276
        ],
        [
          "f3",
          0.05268785096114879
        ],
        [
          "f2",
          0.02941806769532579
        ],
        [
          "f1",
          0.029309426563735023
        ],
        [
          "f11",
          0.022164484286934686
        ],
        [
          "f13",
          0.01632076563549672
        ],
        [
          "f12",
          0.012412705103757814
        ],
        [
          "f10",
          0.010696671271706641
        ],
        [
          "f8",
          0.01002307991208208
        ],
        [
          "f7",
          0.009063787731303646
        ],
        [
          "f4",
          0.008978415797597849
        ],
        [
          "f9",
          0.007988658939942432
        ],
        [
          "f6",
          0.006907324812682121
        ],
        [
          "f5",
          0.0
        ]
      ]
    },
    "confusion_matrix": [
      [
        1149406,
        328097
      ],
      [
        16305,
        6815
      ]
    ]
  },
  "gbt": {
    "metrics": {
      "accuracy": 0.7674299274368046,
      "precision": 0.018695094789949726,
      "recall": 0.27374567474048445,
      "f1": 0.03499991704870347,
      "auc": null,
      "auc_pr": 0.017825602455629024,
      "auc_roc": 0.5371914519376839,
      "tree_importance_top": [
        [
          "f15",
          0.15300048618145493
        ],
        [
          "f20",
          0.14244407768478262
        ],
        [
          "f16",
          0.13794259960853658
        ],
        [
          "f19",
          0.13030765082317922
        ],
        [
          "f17",
          0.1267333282577286
        ],
        [
          "f18",
          0.10957497912874861
        ],
        [
          "f0",
          0.03038524795593097
        ],
        [
          "f8",
          0.019905163222966784
        ],
        [
          "f9",
          0.01781526130960414
        ],
        [
          "f3",
          0.016352203637528026
        ],
        [
          "f1",
          0.015534270538400645
        ],
        [
          "f2",
          0.015311812463016033
        ],
        [
          "f12",
          0.014473608098900982
        ],
        [
          "f11",
          0.013371862454865201
        ],
        [
          "f13",
          0.013316808948741937
        ],
        [
          "f7",
          0.012561323860869455
        ],
        [
          "f6",
          0.0121226421993775
        ],
        [
          "f4",
          0.01027789307792976
        ],
        [
          "f10",
          0.008568780547438084
        ],
        [
          "f5",
          0.0
        ]
      ]
    },
    "confusion_matrix": [
      [
        1145294,
        332209
      ],
      [
        16791,
        6329
      ]
    ]
  }
}