{
  "logreg": {
    "metrics": {
      "accuracy": 0.6939890710382514,
      "precision": 0.025056947608200455,
      "recall": 0.3548387096774194,
      "f1": 0.04680851063829787,
      "auc": 0.5206537154176887
    },
    "confusion_matrix": [
      [
        1005,
        428
      ],
      [
        20,
        11
      ]
    ]
  },
  "rf": {
    "metrics": {
      "accuracy": 0.9788251366120219,
      "precision": 0.0,
      "recall": 0.0,
      "f1": 0.0,
      "auc": 0.5366814487990479
    },
    "confusion_matrix": [
      [
        1433,
        0
      ],
      [
        31,
        0
      ]
    ]
  },
  "gbt": {
    "metrics": {
      "accuracy": 0.9754098360655737,
      "precision": 0.0,
      "recall": 0.0,
      "f1": 0.0,
      "auc": 0.5416338383269905
    },
    "confusion_matrix": [
      [
        1428,
        5
      ],
      [
        31,
        0
      ]
    ]
  }
}