{
  "logreg": {
    "metrics": {
      "accuracy": 0.7276536312849162,
      "precision": 0.016042780748663103,
      "recall": 0.21428571428571427,
      "f1": 0.029850746268656716,
      "auc": 0.46794871794871623
    },
    "confusion_matrix": [
      [
        1036,
        368
      ],
      [
        22,
        6
      ]
    ]
  },
  "rf": {
    "metrics": {
      "accuracy": 0.9804469273743017,
      "precision": 0.0,
      "recall": 0.0,
      "f1": 0.0,
      "auc": 0.43159849409849144
    },
    "confusion_matrix": [
      [
        1404,
        0
      ],
      [
        28,
        0
      ]
    ]
  },
  "gbt": {
    "metrics": {
      "accuracy": 0.9797486033519553,
      "precision": 0.0,
      "recall": 0.0,
      "f1": 0.0,
      "auc": 0.452711640211638
    },
    "confusion_matrix": [
      [
        1403,
        1
      ],
      [
        28,
        0
      ]
    ]
  }
}